naics_2d,cost_ratio
55,1.27457
54,1.26826
72,1.2587026
52,1.2539024
53,1.2536802
51,1.2522348
71,1.2488863
61,1.2476883
81,1.2318755
62,1.2276683
44,1.2172936
56,1.2063874
22,1.2000015
21,1.1983764
42,1.1648296
23,1.1464789
31,1.1096293
48,1.1045818
11,1.0870048
