naics_2d,cost_increase
44,1.1542764
55,1.1411266
62,1.1322837
54,1.1280699
52,1.1251118
51,1.1215584
72,1.1114569
53,1.1113453
61,1.1103796
81,1.1085957
71,1.1055861
56,1.0787115
22,1.0636425
42,1.0582637
21,1.0495356
23,1.0478981
31,1.0357186
48,1.0343198
11,1.0168691
